nombre,rating,link
Candia.io,5.0,https://marketplace.bexio.com/en-GB/apps/126102/candiaio
swiDOC,5.0,https://marketplace.bexio.com/en-GB/apps/126171/swidoc
Factoring & Debt Collection,5.0,https://marketplace.bexio.com/en-GB/apps/126219/factoring-debt-collection
Calenso,5.0,https://marketplace.bexio.com/en-GB/apps/126268/calenso
Delivery + Planzer Labels by BedayaConnect,5.0,https://marketplace.bexio.com/en-GB/apps/126290/delivery-+-planzer-labels-by-bedayaconnect
SMAILD,5.0,https://marketplace.bexio.com/en-GB/apps/126326/smaild
WooCommerce Connector by Helvy,5.0,https://marketplace.bexio.com/en-GB/apps/126377/woocommerce-connector-by-helvy
sproutAnalytics,5.0,https://marketplace.bexio.com/en-GB/apps/126155/sproutanalytics
Shopify Connector by Helvy,5.0,https://marketplace.bexio.com/en-GB/apps/126310/shopify-connector-by-helvy
Worldline,5.0,https://marketplace.bexio.com/en-GB/apps/126105/worldline
My-Onlineshop,5.0,https://marketplace.bexio.com/en-GB/apps/126187/my-onlineshop
Expensly,5.0,https://marketplace.bexio.com/en-GB/apps/126189/expensly
Zytrack,5.0,https://marketplace.bexio.com/en-GB/apps/126833/zytrack
PepperShop Online Shop,5.0,https://marketplace.bexio.com/en-GB/apps/126911/peppershop-online-shop
bexio Pay,5.0,https://marketplace.bexio.com/en-GB/apps/127056/bexio-pay
Triboni for bexio,5.0,https://marketplace.bexio.com/en-GB/apps/126191/triboni-for-bexio
firm-it,5.0,https://marketplace.bexio.com/en-GB/apps/126442/firm-it
JUSTgreen,5.0,https://marketplace.bexio.com/en-GB/apps/133652/justgreen
QR Module,5.0,https://marketplace.bexio.com/en-GB/apps/127915/qr-module
Microsoft Power BI,5.0,https://marketplace.bexio.com/en-GB/apps/126000/microsoft-power-bi
smiit Analytics,5.0,https://marketplace.bexio.com/en-GB/apps/128971/smiit-analytics
Kontera,5.0,https://marketplace.bexio.com/en-GB/apps/126265/kontera
TimeStatement,5.0,https://marketplace.bexio.com/en-GB/apps/126438/timestatement
app.rombro.ch | import bookings and invoices from Excel or CSV,5.0,https://marketplace.bexio.com/en-GB/apps/126085/apprombroch-%7C-import-bookings-and-invoices-from-excel-or-csv
TRESIO,5.0,https://marketplace.bexio.com/en-GB/apps/126075/tresio
2getHR,5.0,https://marketplace.bexio.com/en-GB/apps/126334/2gethr
KS Inkasso,5.0,https://marketplace.bexio.com/en-GB/apps/125899/ks-inkasso
Clockodo,5.0,https://marketplace.bexio.com/en-GB/apps/126037/clockodo
eBill by iomarket AG,3.0,https://marketplace.bexio.com/en-GB/apps/126626/ebill-by-iomarket-ag
bexio Go,3.0,https://marketplace.bexio.com/en-GB/apps/125264/bexio-go
tik-tak,3.0,https://marketplace.bexio.com/en-GB/apps/126368/tik-tak
Hubspot Connector,2.0,https://marketplace.bexio.com/en-GB/apps/126761/hubspot-connector
Qlerqs - AccountingRobot,2.0,https://marketplace.bexio.com/en-GB/apps/126957/qlerqs---accountingrobot
brolio,No disponible,https://marketplace.bexio.com/en-GB/apps/126088/brolio
Business Transaction – Company Valuation for SMEs,No disponible,https://marketplace.bexio.com/en-GB/apps/126110/business-transaction-%E2%80%93-company-valuation-for-smes
BETREIBUNGSSCHALTER-PLUS,No disponible,https://marketplace.bexio.com/en-GB/apps/126150/betreibungsschalter-plus
Squadra,No disponible,https://marketplace.bexio.com/en-GB/apps/126161/squadra
Work2Report,No disponible,https://marketplace.bexio.com/en-GB/apps/126173/work2report
Swiss Newsletter,No disponible,https://marketplace.bexio.com/en-GB/apps/126232/swiss-newsletter
Delivery + DPD Labels by BedayaConnect,No disponible,https://marketplace.bexio.com/en-GB/apps/126292/delivery-+-dpd-labels-by-bedayaconnect
DocuWare for bexio,No disponible,https://marketplace.bexio.com/en-GB/apps/126362/docuware-for-bexio
Social EDI - gate2b,No disponible,https://marketplace.bexio.com/en-GB/apps/126704/social-edi---gate2b
Easyplan,No disponible,https://marketplace.bexio.com/en-GB/apps/127035/easyplan
wwcom smart call,No disponible,https://marketplace.bexio.com/en-GB/apps/127629/wwcom-smart-call
SumUp & PepperShop POS solution,No disponible,https://marketplace.bexio.com/en-GB/apps/126263/sumup-peppershop-pos-solution
wechselstube.ch,No disponible,https://marketplace.bexio.com/en-GB/apps/126300/wechselstubech
saldia Onlineshop for bexio,No disponible,https://marketplace.bexio.com/en-GB/apps/126119/saldia-onlineshop-for-bexio
blueAUDIT,No disponible,https://marketplace.bexio.com/en-GB/apps/126083/blueaudit
Craftboxx,No disponible,https://marketplace.bexio.com/en-GB/apps/126087/craftboxx
Business Transaction – Business Succession,No disponible,https://marketplace.bexio.com/en-GB/apps/126109/business-transaction-%E2%80%93-business-succession
Arvato Financial Solutions,No disponible,https://marketplace.bexio.com/en-GB/apps/126115/arvato-financial-solutions
SPESEN.AI,No disponible,https://marketplace.bexio.com/en-GB/apps/126120/spesenai
Legally ok,No disponible,https://marketplace.bexio.com/en-GB/apps/126148/legally-ok
NetMailer Newsletter-Tool,No disponible,https://marketplace.bexio.com/en-GB/apps/126149/netmailer-newsletter-tool
Swiss Digital Shipping Solutions,No disponible,https://marketplace.bexio.com/en-GB/apps/126159/swiss-digital-shipping-solutions
Companion,No disponible,https://marketplace.bexio.com/en-GB/apps/126163/companion
awork,No disponible,https://marketplace.bexio.com/en-GB/apps/126172/awork
VisualNumbers,No disponible,https://marketplace.bexio.com/en-GB/apps/126174/visualnumbers
Local SEO,No disponible,https://marketplace.bexio.com/en-GB/apps/126190/local-seo
AESTICO,No disponible,https://marketplace.bexio.com/en-GB/apps/126212/aestico
aumico annual financial statements,No disponible,https://marketplace.bexio.com/en-GB/apps/126220/aumico-annual-financial-statements
mailXpert,No disponible,https://marketplace.bexio.com/en-GB/apps/126229/mailxpert
Triboni Drive for bexio,No disponible,https://marketplace.bexio.com/en-GB/apps/126234/triboni-drive-for-bexio
PrivacyBee,No disponible,https://marketplace.bexio.com/en-GB/apps/126240/privacybee
Worldline Tap on Mobile,No disponible,https://marketplace.bexio.com/en-GB/apps/126283/worldline-tap-on-mobile
Ecwid by BedayaConnect,No disponible,https://marketplace.bexio.com/en-GB/apps/126371/ecwid-by-bedayaconnect
moneyhouse – Commercial Register Service,No disponible,https://marketplace.bexio.com/en-GB/apps/126601/moneyhouse-%E2%80%93-commercial-register-service
eTermin,No disponible,https://marketplace.bexio.com/en-GB/apps/126607/etermin
SumUp by BedayaConnect,No disponible,https://marketplace.bexio.com/en-GB/apps/126766/sumup-by-bedayaconnect
Konsento,No disponible,https://marketplace.bexio.com/en-GB/apps/126902/konsento
PepperShop POS,No disponible,https://marketplace.bexio.com/en-GB/apps/126170/peppershop-pos
RESTORE-IT Backup,No disponible,https://marketplace.bexio.com/en-GB/apps/126221/restore-it-backup
JobCloud - jobs.ch & jobup.ch,No disponible,https://marketplace.bexio.com/en-GB/apps/128294/jobcloud---jobsch-jobupch
Accrio · CSV Importer,No disponible,https://marketplace.bexio.com/en-GB/apps/126058/accrio-%C2%B7-csv-importer
XfleX for Building Technology,No disponible,https://marketplace.bexio.com/en-GB/apps/126061/xflex-for-building-technology
Shopware interface for bexio,No disponible,https://marketplace.bexio.com/en-GB/apps/126063/shopware-interface-for-bexio
Alloy Ads,No disponible,https://marketplace.bexio.com/en-GB/apps/131130/alloy-ads
jobalino,No disponible,https://marketplace.bexio.com/en-GB/apps/126055/jobalino
XfleX for Painters,No disponible,https://marketplace.bexio.com/en-GB/apps/126062/xflex-for-painters
Arcavis,No disponible,https://marketplace.bexio.com/en-GB/apps/128486/arcavis
Aequitec,No disponible,https://marketplace.bexio.com/en-GB/apps/132156/aequitec
Accrio · Fixed Assets,No disponible,https://marketplace.bexio.com/en-GB/apps/126056/accrio-%C2%B7-fixed-assets
SwissCall.net,No disponible,https://marketplace.bexio.com/en-GB/apps/131049/swisscallnet
Revoxio,No disponible,https://marketplace.bexio.com/en-GB/apps/132388/revoxio
Fakturino,No disponible,https://marketplace.bexio.com/en-GB/apps/133879/fakturino
HOMER,No disponible,https://marketplace.bexio.com/en-GB/apps/134240/homer
Accrio · Accruals,No disponible,https://marketplace.bexio.com/en-GB/apps/126057/accrio-%C2%B7-accruals
Cyber Risk Monitoring,No disponible,https://marketplace.bexio.com/en-GB/apps/128378/cyber-risk-monitoring
SwissDKM for SEO and GEO,No disponible,https://marketplace.bexio.com/en-GB/apps/127696/swissdkm-for-seo-and-geo
Legal protection insurance,No disponible,https://marketplace.bexio.com/en-GB/apps/130652/legal-protection-insurance
Company modification,No disponible,https://marketplace.bexio.com/en-GB/apps/128530/company-modification
Corebility,No disponible,https://marketplace.bexio.com/en-GB/apps/130702/corebility
Meisterwerk,No disponible,https://marketplace.bexio.com/en-GB/apps/130195/meisterwerk
TimeShepherd,No disponible,https://marketplace.bexio.com/en-GB/apps/126002/timeshepherd
Omnilex,No disponible,https://marketplace.bexio.com/en-GB/apps/130804/omnilex
bexlook,No disponible,https://marketplace.bexio.com/en-GB/apps/125905/bexlook
Edelwise,No disponible,https://marketplace.bexio.com/en-GB/apps/128533/edelwise
TinkTime,No disponible,https://marketplace.bexio.com/en-GB/apps/128497/tinktime
biscau,No disponible,https://marketplace.bexio.com/en-GB/apps/125839/biscau
bexio Pipedrive Data Transfer App,No disponible,https://marketplace.bexio.com/en-GB/apps/125842/bexio-pipedrive-data-transfer-app
Marketing Strategy Generator | QOYO.io,No disponible,https://marketplace.bexio.com/en-GB/apps/129789/marketing-strategy-generator-%7C-qoyoio
Zapier Connector,No disponible,https://marketplace.bexio.com/en-GB/apps/125529/zapier-connector
